Data,Kraków - Aleja Krasińskiego (pył zawieszony PM2.5 [jednostka ug/m3]),Kraków - Aleja Krasińskiego (pył zawieszony PM10 [jednostka ug/m3]),Kraków - Aleja Krasińskiego (dwutlenek azotu [jednostka ug/m3]),Kraków - Aleja Krasińskiego (tlenek azotu [jednostka ug/m3]),Kraków - Aleja Krasińskiego (tlenki azotu [jednostka ug/m3]),Kraków - Aleja Krasińskiego (tlenek węgla [jednostka ug/m3]),Kraków - Aleja Krasińskiego (benzen [jednostka ug/m3])
2023-08-01 01:00,12.3,25.7,30.4,10.0,45.7,0.5,0.3
2023-08-01 02:00,14.0,27.4,31.9,23.4,67.7,0.5,0.4
2023-08-01 03:00,14.0,25.3,28.5,14.3,50.5,0.5,0.4
2023-08-01 04:00,14.0,29.3,23.4,27.7,65.8,0.5,0.4
2023-08-01 05:00,14.9,30.2,27.8,51.4,106.7,0.5,0.5
2023-08-01 06:00,17.2,39.1,42.2,85.5,173.2,0.7,0.7
2023-08-01 07:00,13.9,34.8,51.7,50.7,129.6,0.6,1.2
2023-08-01 08:00,12.2,33.8,47.9,42.5,113.1,0.5,0.5
2023-08-01 09:00,14.0,43.4,52.9,49.6,128.7,0.6,0.5
2023-08-01 10:00,12.7,35.2,44.1,33.9,95.9,0.5,0.4
2023-08-01 11:00,12.7,31.4,51.1,38.2,109.7,0.6,0.3
2023-08-01 12:00,13.3,32.9,54.3,43.9,121.6,0.6,0.4
2023-08-01 13:00,14.8,29.6,57.7,55.5,142.7,0.8,0.4
2023-08-01 14:00,13.9,24.1,54.6,55.4,139.6,0.7,0.6
2023-08-01 15:00,10.2,17.3,48.1,44.9,117.0,0.7,0.5
2023-08-01 16:00,8.2,13.8,51.3,40.0,112.8,0.6,0.4
2023-08-01 17:00,8.6,14.0,54.1,50.1,131.0,0.7,0.4
2023-08-01 18:00,7.4,12.7,52.2,42.6,117.4,0.6,0.5
2023-08-01 19:00,7.8,13.1,45.7,38.6,104.8,0.7,0.4
2023-08-01 20:00,8.0,14.8,42.9,29.6,88.3,0.7,0.4
2023-08-01 21:00,8.9,17.3,47.4,28.4,90.9,0.6,0.4
2023-08-01 22:00,9.1,15.7,42.9,20.4,74.2,0.5,0.4
2023-08-01 23:00,8.4,15.1,42.1,16.6,67.6,0.5,0.3
2023-08-02 00:00,7.5,12.8,28.2,8.8,41.7,0.5,0.3
2023-08-02 01:00,7.4,13.0,19.2,6.5,29.1,0.4,0.2
2023-08-02 02:00,7.4,12.6,19.2,6.7,29.5,0.4,0.2
2023-08-02 03:00,6.6,12.9,16.6,8.1,29.1,0.4,0.2
2023-08-02 04:00,7.3,15.5,22.9,14.6,45.2,0.4,0.2
2023-08-02 05:00,10.7,23.6,27.8,32.1,77.1,0.5,0.2
2023-08-02 06:00,12.4,27.2,28.9,35.8,83.8,0.5,0.3
2023-08-02 07:00,11.6,23.3,25.5,30.7,72.5,0.5,0.2
2023-08-02 08:00,10.4,23.5,27.0,31.5,75.3,0.5,0.3
2023-08-02 09:00,8.8,20.0,23.0,21.7,56.3,0.5,0.2
2023-08-02 10:00,9.1,21.4,27.1,20.7,58.8,0.5,0.2
2023-08-02 11:00,8.3,20.8,36.6,23.8,73.0,0.5,0.2
2023-08-02 12:00,6.6,15.3,30.7,20.3,61.9,0.4,0.2
2023-08-02 13:00,6.7,15.3,35.2,25.0,73.5,0.5,0.2
2023-08-02 14:00,6.1,12.7,27.4,17.1,53.6,0.5,0.3
2023-08-02 15:00,6.1,13.7,28.5,19.9,58.9,0.4,0.2
2023-08-02 16:00,5.8,14.7,31.7,16.7,57.3,0.4,0.2
2023-08-02 17:00,5.4,13.9,30.7,15.5,54.6,0.5,1.3
2023-08-02 18:00,6.8,16.0,50.5,23.8,86.9,0.5,0.3
2023-08-02 19:00,8.4,22.3,59.1,28.1,102.2,0.7,0.5
2023-08-02 20:00,9.9,24.6,80.1,40.9,142.9,0.9,0.5
2023-08-02 21:00,10.7,24.3,76.4,42.6,141.7,0.8,0.7
2023-08-02 22:00,10.4,23.4,62.5,24.0,99.4,0.7,0.6
2023-08-02 23:00,8.7,19.7,55.1,17.2,81.5,0.6,0.4
2023-08-03 00:00,8.7,21.2,59.0,27.3,100.8,0.7,0.4
2023-08-03 01:00,6.3,13.6,44.9,18.5,73.3,0.6,0.3
2023-08-03 02:00,6.1,12.8,    ,0.3
2023-08-03 03:00,7.0,14.9,27.1,15.7,51.2,0.4,0.2
2023-08-03 04:00,7.8,19.4,28.2,19.0,57.3,0.5,0.3
2023-08-03 05:00,8.6,20.9,26.7,24.1,63.7,0.5,0.3
2023-08-03 06:00,9.0,22.9,41.1,36.9,97.7,0.6,0.3
2023-08-03 07:00,9.4,25.0,51.1,44.0,118.6,0.6,0.7
2023-08-03 08:00,10.3,30.1,48.4,39.5,109.0,0.6,0.5
2023-08-03 09:00,10.6,31.5,49.6,38.6,108.9,0.7,0.5
2023-08-03 10:00,7.1,14.8,42.4,28.6,86.2,0.5,0.5
2023-08-03 11:00,7.3,20.0,64.3,40.4,126.0,0.6,0.4
2023-08-03 12:00,5.9,14.7,62.2,49.2,138.0,0.7,0.5
2023-08-03 13:00,7.5,25.7,62.9,39.7,123.8,0.7,0.5
2023-08-03 14:00,9.3,33.9,61.5,41.8,125.5,0.7,0.5
2023-08-03 15:00,9.7,34.5,68.1,63.0,164.6,0.7,0.6
2023-08-03 16:00,9.3,29.8,50.7,48.1,124.3,0.7,0.7
2023-08-03 17:00,8.0,25.0,48.3,40.4,110.3,0.6,0.5
2023-08-03 18:00,8.4,24.3,51.1,36.2,106.4,0.6,0.5
2023-08-03 19:00,8.1,22.2,54.1,41.6,117.7,0.6,0.6
2023-08-03 20:00,8.6,22.0,61.5,44.1,129.1,0.7,0.5
2023-08-03 21:00,8.8,21.3,55.0,54.1,137.9,0.8,0.6
2023-08-03 22:00,10.0,24.4,47.7,45.6,117.7,0.8,0.5
2023-08-03 23:00,9.4,21.0,45.5,32.0,94.6,0.7,0.6
2023-08-04 00:00,8.9,19.2,37.2,18.8,66.0,0.5,0.4
2023-08-04 01:00,9.5,20.7,39.4,17.4,66.0,0.5,0.3
2023-08-04 02:00,10.8,19.1,30.4,10.7,46.8,0.4,0.3
2023-08-04 03:00,10.5,20.1,31.3,12.3,50.3,0.4,0.2
2023-08-04 04:00,9.5,18.1,30.2,14.9,53.0,0.5,0.3
2023-08-04 05:00,9.6,20.4,36.2,42.8,101.8,0.5,0.3
2023-08-04 06:00,12.0,26.1,36.6,57.0,123.9,0.6,0.5
2023-08-04 07:00,12.9,27.5,43.3,60.8,136.7,0.7,0.5
2023-08-04 08:00,14.6,39.7,55.5,99.9,208.8,0.8,0.6
2023-08-04 09:00,15.5,45.6,58.4,105.5,220.1,0.9,0.7
2023-08-04 10:00,11.3,30.5,52.6,70.6,160.9,0.7,0.7
2023-08-04 11:00,7.2,18.1,42.2,36.0,97.4,0.6,0.5
2023-08-04 12:00,6.8,21.4,30.8,25.0,69.1,0.5,0.3
2023-08-04 13:00,7.0,22.4,33.0,22.6,67.5,0.5,0.3
2023-08-04 14:00,6.7,18.2,40.7,24.1,77.7,0.5,0.2
2023-08-04 15:00,6.6,18.2,51.3,40.1,112.8,0.6,0.4
2023-08-04 16:00,6.6,16.3,50.3,31.7,98.9,0.6,0.4
2023-08-04 17:00,6.9,16.7,52.6,23.9,89.2,0.5,0.3
2023-08-04 18:00,7.1,16.3,47.1,10.3,62.9,0.5,0.3
2023-08-04 19:00,8.7,20.1,84.7,47.0,156.8,0.8,0.6
2023-08-04 20:00,10.8,30.8,85.4,65.1,185.2,0.9,0.6
2023-08-04 21:00,13.9,40.1,66.2,38.6,125.3,0.8,0.7
2023-08-04 22:00,13.1,33.4,50.1,24.8,88.1,0.7,0.5
2023-08-04 23:00,13.5,33.7,52.1,27.1,93.6,0.7,1.4
2023-08-05 00:00,11.5,27.4,46.9,34.0,99.0,0.7,0.5
2023-08-05 01:00,10.5,21.5,34.8,15.6,58.7,0.6,0.3
2023-08-05 02:00,9.8,19.5,26.2,9.5,40.7,0.5,0.3
2023-08-05 03:00,8.6,14.6,21.7,8.2,34.4,0.4,0.2
2023-08-05 04:00,8.3,13.0,22.1,9.1,36.1,0.4,0.2
2023-08-05 05:00,9.2,15.4,24.8,8.8,38.2,0.4,0.2
2023-08-05 06:00,10.8,15.3,35.5,22.2,69.6,0.5,0.2
2023-08-05 07:00,10.5,14.6,35.6,22.3,69.8,0.5,0.2
2023-08-05 08:00,9.1,13.1,31.5,17.9,58.9,0.5,0.2
2023-08-05 09:00,8.4,13.3,21.3,14.1,42.9,0.5,0.2
2023-08-05 10:00,10.8,15.6,27.0,14.9,49.8,0.5,0.3
2023-08-05 11:00,14.1,20.6,36.5,30.3,83.0,0.7,0.4
2023-08-05 12:00,10.2,19.0,29.6,30.6,76.5,0.6,0.5
2023-08-05 13:00,7.4,12.7,36.8,26.0,76.6,0.6,0.5
2023-08-05 14:00,7.6,13.5,43.0,33.8,94.7,0.7,0.6
2023-08-05 15:00,8.2,17.1,38.4,26.2,78.5,0.6,0.3
2023-08-05 16:00,9.3,19.9,45.6,34.5,98.6,0.6, 
2023-08-05 17:00,9.5,17.3,46.0,30.2,92.3,0.6, 
2023-08-05 18:00,10.5,18.7,41.4,26.0,81.3,0.6,0.3
2023-08-05 19:00,12.9,20.6,45.7,39.6,106.5,0.7,0.4
2023-08-05 20:00,16.8,25.0,59.1,69.1,165.1,1.1,0.9
2023-08-05 21:00,17.8,25.3,46.1,47.3,118.8,0.8,0.8
2023-08-05 22:00,18.7,24.5,35.5,29.8,81.2,0.7,0.5
2023-08-05 23:00,20.6,25.7,32.9,24.6,70.5,0.7,0.5
2023-08-06 00:00,20.9,26.3,29.1,19.4,58.8,0.7,0.5
2023-08-06 01:00,16.2,19.8,27.1,18.0,54.8,0.6,0.5
2023-08-06 02:00,16.9,21.8,20.5,16.1,45.2,0.6,0.5
2023-08-06 03:00,14.5,20.5,18.5,12.1,37.1,0.5,0.3
2023-08-06 04:00,16.5,23.0,23.6,22.6,58.2,0.6,0.4
2023-08-06 05:00,17.7,25.6,22.0,19.6,52.1,0.6,0.5
2023-08-06 06:00,18.5,27.5,23.7,26.5,64.3,0.6,0.6
2023-08-06 07:00,12.9,17.7,30.9,37.2,87.9,0.6,0.5
2023-08-06 08:00,11.3,15.1,25.1,31.2,73.1,0.6,0.4
2023-08-06 09:00,12.7,15.7,21.6,21.5,54.5,0.5,0.6
2023-08-06 10:00,1.0,3.9,13.7,20.6,45.4,0.5,0.5
2023-08-06 11:00,1.0,3.0,21.1,24.4,58.6,0.5,0.3
2023-08-06 12:00,1.0,2.9,18.5,21.7,51.8,0.5,0.3
2023-08-06 13:00,1.0,3.1,20.7,19.0,49.9,0.5,0.3
2023-08-06 14:00,1.0,2.3,20.6,17.6,47.6,0.5,0.3
2023-08-06 15:00,1.0,2.8,19.2,18.5,47.5,0.4,0.2
2023-08-06 16:00,2.1,3.7,20.3,18.0,47.9,0.5,0.3
2023-08-06 17:00,1.0,2.7,22.5,16.6,47.9,0.5,0.2
2023-08-06 18:00,1.0,3.8,24.1,17.7,51.2,0.5,0.2
2023-08-06 19:00,1.0,3.8,21.2,17.0,47.2,0.4,0.2
2023-08-06 20:00,1.0,3.7,21.1,12.5,40.3,0.4,0.2
2023-08-06 21:00,1.0,4.5,18.9,13.4,39.5,0.4,0.2
2023-08-06 22:00,2.2,5.7,20.0,10.7,36.4,0.4,0.2
2023-08-06 23:00,2.6,6.2,16.3,8.1,28.6,0.4,0.2
2023-08-07 00:00,3.1,7.1,11.5,5.3,19.7,0.4,0.1
2023-08-07 01:00,4.5,9.0,7.3,3.2,12.2,0.3,0.2
2023-08-07 02:00,4.6,9.2,8.6,3.4,13.8,0.3,0.1
2023-08-07 03:00,5.1,10.7,12.3,6.1,21.6,0.3,0.1
2023-08-07 04:00,6.0,13.8,15.6,10.5,31.7,0.3,0.1
2023-08-07 05:00,6.6,16.2,24.0,19.1,53.3,0.4,0.1
2023-08-07 06:00,6.9,18.2,27.0,26.2,67.2,0.5,0.2
2023-08-07 07:00,5.5,16.0,26.6,32.1,75.6,0.5,0.2
2023-08-07 08:00,4.2,13.9,25.9,28.5,69.6,0.5,0.2
2023-08-07 09:00,3.7,13.5,21.2,25.7,60.5,0.4,0.2
2023-08-07 10:00,3.2,11.2,21.4,24.0,58.2,0.4,0.2
2023-08-07 11:00,4.1,9.5,19.2,24.7,57.1,0.4,0.3
2023-08-07 12:00,3.0,9.2,19.1,23.2,54.6,0.4,0.2
2023-08-07 13:00,3.4,10.9,19.3,21.1,51.6,0.4,0.2
2023-08-07 14:00,3.5,9.1,18.1,16.1,42.8,0.4,0.2
2023-08-07 15:00,5.9,11.6,28.3,22.6,63.0,0.5,0.2
2023-08-07 16:00,5.9,14.6,26.9,18.2,54.8,0.4,0.2
2023-08-07 17:00,6.0,12.0,27.0,17.5,53.9,0.4,0.2
2023-08-07 18:00,6.3,14.0,28.7,20.8,60.6,0.5,0.2
2023-08-07 19:00,6.5,14.2,27.9,17.8,55.2,0.5,0.3
2023-08-07 20:00,6.9,14.6,31.3,20.0,62.0,0.5,0.3
2023-08-07 21:00,6.6,13.7,32.0,25.1,70.4,0.6,0.3
2023-08-07 22:00,4.7,9.9,17.5,11.3,34.8,0.4,0.3
2023-08-07 23:00,3.5,7.9,12.0,8.4,24.9,0.3,0.1
2023-08-08 00:00,3.3,7.1,9.5,5.4,17.9,0.3,0.1
2023-08-08 01:00,3.1,7.9,6.9,3.4,12.1,0.3,0.1
2023-08-08 02:00,3.1,7.6,    ,0.1
2023-08-08 03:00,3.4,8.7,6.7,2.3,10.2,0.3,0.1
2023-08-08 04:00,3.9,10.2,12.9,6.6,23.0,0.3,0.1
2023-08-08 05:00,4.8,13.5,18.0,11.7,35.9,0.3,0.1
2023-08-08 06:00,5.7,13.6,30.8,21.2,63.4,0.4,0.2
2023-08-08 07:00,6.1,16.9,29.9,21.3,62.6,0.4,0.2
2023-08-08 08:00,5.9,14.7,22.4,19.0,51.6,0.4,0.2
2023-08-08 09:00,6.4,16.5,25.3,20.0,56.0,0.4,0.3
2023-08-08 10:00,5.7,13.0,27.6,20.8,59.3,0.4,0.2
2023-08-08 11:00,5.5,13.3,28.3,20.7,60.1,0.4,0.2
2023-08-08 12:00,5.3,13.8,26.1,18.9,55.1,0.3,0.2
2023-08-08 13:00,5.3,13.6,24.6,15.2,47.8,0.3,0.2
2023-08-08 14:00,5.8,13.0,29.1,19.6,59.2,0.4,0.3
2023-08-08 15:00,6.0,17.0,25.1,14.9,48.0,0.4,0.2
2023-08-08 16:00,6.2,16.8,32.7,22.8,67.6,0.4,0.3
2023-08-08 17:00,5.5,14.6,38.5,17.2,64.9,0.4,0.2
2023-08-08 18:00,6.0,13.9,39.2,21.6,72.4,0.5,0.3
2023-08-08 19:00,7.3,16.6,56.7,34.4,109.4,0.6,0.3
2023-08-08 20:00,9.1,21.8,62.3,43.2,128.5,0.7,0.5
2023-08-08 21:00,9.5,19.3,55.0,36.8,111.5,0.7,0.6
2023-08-08 22:00,10.9,23.8,54.9,54.8,139.1,0.8,0.7
2023-08-08 23:00,10.1,17.8,45.1,25.0,83.4,0.5,0.5
2023-08-09 00:00,7.3,11.5,22.1,11.3,39.4,0.4,0.4
2023-08-09 01:00,5.0,8.1,12.3,4.1,18.5,0.3,0.1
2023-08-09 02:00,4.5,6.9,14.9,2.8,19.2,0.3,0.1
2023-08-09 03:00,4.7,7.4,19.9,4.6,26.9,0.4,0.1
2023-08-09 04:00,4.7,7.2,20.7,8.2,33.2,0.3,0.1
2023-08-09 05:00,5.6,9.1,29.5,25.1,67.9,0.4,0.1
2023-08-09 06:00,7.8,13.3,47.6,111.1,218.0,0.7,0.3
2023-08-09 07:00,11.3,30.5,43.3,101.7,199.2,0.8,0.7
2023-08-09 08:00,8.7,23.2,45.0,50.3,122.1,0.6,0.5
2023-08-09 09:00,11.2,37.6,41.3,40.8,104.0,0.5,0.4
2023-08-09 10:00,7.3,18.6,34.2,24.2,71.3,0.4,0.3
2023-08-09 11:00,7.0,22.1,36.6,21.3,69.2,0.4,0.2
2023-08-09 12:00,8.0,26.7,37.3,22.6,72.0,0.4,0.2
2023-08-09 13:00,6.4,16.5,29.7,21.0,61.8,0.4,0.2
2023-08-09 14:00,6.9,15.1,26.5,18.6,55.0,0.4,0.2
2023-08-09 15:00,8.1,19.8,34.6,21.0,66.8,0.5,0.2
2023-08-09 16:00,7.3,16.2,36.5,27.9,79.2,0.5,0.3
2023-08-09 17:00,4.8,11.1,31.9,17.6,58.9,0.4,0.3
2023-08-09 18:00,4.5,11.6,30.6,18.1,58.3,0.4,0.2
2023-08-09 19:00,5.7,12.4,48.6,32.4,98.3,0.6,0.3
2023-08-09 20:00,6.1,15.5,45.8,32.2,95.2,0.6,0.5
2023-08-09 21:00,7.2,15.6,42.8,26.7,83.7,0.6,0.4
2023-08-09 22:00,4.3,8.4,23.8,13.6,44.6,0.4,0.3
2023-08-09 23:00,5.6,10.6,19.1,8.5,32.1,0.4,0.2
2023-08-10 00:00,7.8,11.5,16.2,7.7,28.1,0.4,0.2
2023-08-10 01:00,8.5,13.1,15.3,7.0,26.1,0.4,0.2
2023-08-10 02:00,9.8,15.0,15.0,6.3,24.6,0.4,0.3
2023-08-10 03:00,10.3,14.4,14.2,5.6,22.7,0.4,0.3
2023-08-10 04:00,12.1,18.4,15.8,12.3,34.6,0.4,0.2
2023-08-10 05:00,14.1,21.3,22.5,17.2,48.9,0.5,0.3
2023-08-10 06:00,13.9,21.8,27.3,26.9,68.5,0.4,0.2
2023-08-10 07:00,17.4,28.3,39.6,43.9,106.9,0.6,0.4
2023-08-10 08:00,18.1,27.4,35.0,38.8,94.4,0.5,0.4
2023-08-10 09:00,16.8,25.5,27.4,29.7,72.9,0.5,0.4
2023-08-10 10:00,14.6,21.2,25.6,20.9,57.6,0.4,0.3
2023-08-10 11:00,11.6,18.6,42.9,33.1,93.5,0.5,0.3
2023-08-10 12:00,9.6,16.5,29.6,16.7,55.2,0.4,0.3
2023-08-10 13:00,7.4,15.9,43.2,25.9,83.0,0.5,0.2
2023-08-10 14:00,8.6,17.9,46.8,30.9,94.3,0.5,0.3
2023-08-10 15:00,9.2,22.8,54.1,38.2,112.5,0.5,0.3
2023-08-10 16:00,8.9,17.3,59.3,34.7,112.6,0.5,0.4
2023-08-10 17:00,8.8,19.5,51.3,24.9,89.4,0.5,0.2
2023-08-10 18:00,9.3,19.3,73.1,37.3,130.3,0.6,0.4
2023-08-10 19:00,10.1,21.5,90.9,50.0,167.6,0.7,0.5
2023-08-10 20:00,11.8,25.5,75.2,22.9,110.3,0.6,0.8
2023-08-10 21:00,13.6,29.1,60.5,23.8,97.0,0.7,0.6
2023-08-10 22:00,13.9,28.3,53.9,26.0,93.7,0.7,0.6
2023-08-10 23:00,14.6,26.4,39.8,18.9,68.7,0.5,0.5
2023-08-11 00:00,14.6,25.9,33.8,14.9,56.6,0.5,0.4
2023-08-11 01:00,14.4,25.2,23.7,9.7,38.6,0.5,0.4
2023-08-11 02:00,15.9,26.1,28.0,11.7,45.9,0.5,0.3
2023-08-11 03:00,15.8,30.3,28.4,16.9,54.3,0.4,0.4
2023-08-11 04:00,16.8,33.4,28.1,24.6,65.8,0.4,0.3
2023-08-11 05:00,18.6,34.9,28.0,51.5,106.8,0.5,0.3
2023-08-11 06:00,21.5,36.5,29.7,59.9,121.5,0.6,0.5
2023-08-11 07:00,22.5,32.8,37.1,49.6,113.1,0.6,0.6
2023-08-11 08:00,20.1,30.7,38.3,33.2,89.2,0.5,0.5
2023-08-11 09:00,17.7,27.5,36.4,23.7,72.8,0.5,0.5
2023-08-11 10:00,16.3,27.3,40.9,23.4,76.9,0.5,0.6
2023-08-11 11:00,11.3,19.9,36.2,20.7,68.3,0.5,0.4
2023-08-11 12:00,7.8,14.1,32.7,15.6,56.6,0.4,0.3
2023-08-11 13:00,7.4,14.4,32.7,13.0,52.6,0.3,0.2
2023-08-11 14:00,6.5,12.8,39.2,16.7,64.8,0.4,0.2
2023-08-11 15:00,7.4,15.3,37.6,13.0,57.6,0.4,0.2
2023-08-11 16:00,8.4,16.0,52.9,18.6,81.4,0.4,0.2
2023-08-11 17:00,9.1,16.8,64.9,22.2,98.9,0.5,0.2
2023-08-11 18:00,10.7,23.1,73.7,28.3,117.1,0.6,0.4
2023-08-11 19:00,10.4,20.9,83.4,27.4,125.4,0.7,0.4
2023-08-11 20:00,16.4,29.7,107.0,94.1,251.3,1.2,1.0
2023-08-11 21:00,16.3,31.3,88.9,76.2,205.7,1.2,2.1
2023-08-11 22:00,15.7,32.1,62.7,25.3,101.5,0.7,0.6
2023-08-11 23:00,17.0,34.9,50.3,19.3,79.8,0.6,0.5
2023-08-12 00:00,17.6,32.1,36.4,13.6,57.2,0.5,0.5
2023-08-12 01:00,16.9,27.5,50.6,23.1,86.0,0.6,0.4
2023-08-12 02:00,18.3,28.0,48.6,24.2,85.6,0.6,0.5
2023-08-12 03:00,16.5,26.4,31.2,16.3,56.2,0.5,0.4
2023-08-12 04:00,18.1,29.2,28.0,15.8,52.1,0.5,0.4
2023-08-12 05:00,18.0,29.0,32.0,29.5,77.2,0.5,0.4
2023-08-12 06:00,20.5,30.5,34.9,50.0,111.5,0.6,0.5
2023-08-12 07:00,22.2,32.8,32.6,33.3,83.7,0.5,0.5
2023-08-12 08:00,20.5,28.8,36.0,29.8,81.7,0.6,0.5
2023-08-12 09:00,18.9,30.1,38.4,21.8,71.9,0.6,0.9
2023-08-12 10:00,17.1,25.6,33.6,13.0,53.6,0.5,0.5
2023-08-12 11:00,13.6,22.5,37.8,14.1,59.4,0.5,0.4
2023-08-12 12:00,12.8,22.5,36.3,11.8,54.4,0.5,0.4
2023-08-12 13:00,10.4,18.9,38.7,13.3,59.2,0.4,0.2
2023-08-12 14:00,9.1,17.8,45.8,15.4,69.4,0.5,0.2
2023-08-12 15:00,9.7,16.8,39.6,12.0,57.9,0.4,0.4
2023-08-12 16:00,9.7,16.6,50.6,17.9,78.1,0.5,0.2
2023-08-12 17:00,9.4,16.2,46.6,14.3,68.5,0.5,0.3
2023-08-12 18:00,10.0,19.8,76.7,21.3,109.2,0.6,0.3
2023-08-12 19:00,10.7,22.6,90.0,29.6,135.4,0.7,0.5
2023-08-12 20:00,14.9,28.2,81.5,45.6,151.4,0.9,0.6
2023-08-12 21:00,15.7,26.5,71.9,33.7,123.5,0.8,0.9
2023-08-12 22:00,16.0,27.9,55.8,27.7,98.4,0.7,0.5
2023-08-12 23:00,18.5,30.2,48.6,30.3,95.1,0.8,0.7
2023-08-13 00:00,20.0,29.6,41.7,26.3,82.0,0.7,0.6
2023-08-13 01:00,20.7,29.1,32.7,25.1,71.3,0.7,0.6
2023-08-13 02:00,21.6,30.3,    ,0.6
2023-08-13 03:00,21.7,29.7,24.0,16.2,48.9,0.6,0.5
2023-08-13 04:00,21.0,29.6,18.8,14.9,41.6,0.5,0.5
2023-08-13 05:00,21.6,30.1,24.8,25.5,64.0,0.6,0.6
2023-08-13 06:00,21.5,29.1,24.7,30.0,70.7,0.6,0.6
2023-08-13 07:00,21.5,30.0,25.5,24.9,63.7,0.5,0.5,
2023-08-13 08:00,16.4,23.0,26.7,15.8,51.0,0.5,0.5,
2023-08-13 09:00,13.5,20.7,23.5,16.7,49.1,0.5,0.3,
2023-08-13 10:00,11.7,18.7,26.2,13.6,47.1,0.4,0.3,
2023-08-13 11:00,9.6,16.3,23.7,12.7,43.2,0.5,0.2,
2023-08-13 12:00,9.5,17.7,26.3,13.6,47.1,0.4,0.3,
2023-08-13 13:00,9.4,16.3,28.3,15.9,52.7,0.5,0.3,
2023-08-13 14:00,9.5,17.4,37.1,20.5,68.5,0.5,0.2,
2023-08-13 15:00,10.0,18.5,33.0,15.1,56.3,0.5,0.2,
2023-08-13 16:00,10.5,20.6,31.2,14.6,53.5,0.5,0.2,
2023-08-13 17:00,10.8,21.2,48.9,20.3,80.0,0.6,0.3,
2023-08-13 18:00,11.4,22.2,52.0,23.0,87.2,0.6,0.5,
2023-08-13 19:00,13.0,26.1,89.7,45.9,160.1,0.8,0.4,
2023-08-13 20:00,18.9,38.3,112.0,146.1,335.9,1.4,1.5,
2023-08-13 21:00,16.4,32.7,63.1,26.8,104.2,0.8,1.0,
2023-08-13 22:00,16.8,29.3,52.2,21.9,85.8,0.7,0.6,
2023-08-13 23:00,17.4,28.7,42.8,16.9,68.7,0.7,0.5,
2023-08-14 00:00,19.8,37.4,34.2,13.1,54.3,0.6,0.4,
2023-08-14 01:00,19.1,31.0,32.3,15.2,55.6,0.7,0.4,
2023-08-14 02:00,19.1,29.4,29.8,17.0,55.9,0.6,0.4,
2023-08-14 03:00,18.7,28.2,21.0,10.8,37.5,0.5,0.4,
2023-08-14 04:00,19.9,31.5,22.3,14.3,44.3,0.5,0.4,
2023-08-14 05:00,20.2,33.7,25.4,23.8,61.9,0.6,0.3,
2023-08-14 06:00,20.2,35.0,23.8,33.3,74.9,0.6,0.4,
2023-08-14 07:00,20.2,33.8,26.5,37.2,83.4,0.6,0.4,
2023-08-14 08:00,17.3,30.3,36.3,30.4,83.1,0.5,0.3,
2023-08-14 09:00,15.8,29.3,43.7,31.2,91.4,0.6,0.3,
2023-08-14 10:00,12.7,23.2,41.9,20.2,72.8,0.5,0.3,
2023-08-14 11:00,11.5,22.2,36.1,14.8,58.9,0.4,0.2,
2023-08-14 12:00,11.7,24.9,49.3,17.9,76.6,0.4,0.2,
2023-08-14 13:00,11.2,23.3,63.2,27.7,105.7,0.5,0.2,
2023-08-14 14:00,12.0,26.6,62.6,33.5,114.0,0.5,0.5,
2023-08-14 15:00,11.9,21.9,74.1,41.0,137.5,0.6,0.4,
2023-08-14 16:00,12.7,24.3,62.7,27.3,104.6,0.5,0.4,
2023-08-14 17:00,13.9,27.0,71.8,23.7,108.2,0.6,0.3,
2023-08-14 18:00,16.0,30.3,77.1,31.0,124.7,0.7,0.5,
2023-08-14 19:00,16.3,29.2,84.8,37.8,142.7,0.7,0.5,
2023-08-14 20:00,19.5,35.8,83.6,44.1,151.2,0.9,0.7,
2023-08-14 21:00,20.9,38.3,58.7,30.5,105.5,0.8,0.7,
2023-08-14 22:00,22.9,41.4,56.5,36.1,111.9,0.9,0.7,
2023-08-14 23:00,23.1,40.7,47.8,23.7,84.1,0.8,0.7,
2023-08-15 00:00,24.3,40.2,42.2,37.2,99.2,0.8,0.6,
2023-08-15 01:00,27.0,42.6,39.8,21.9,73.4,0.7,0.6,
2023-08-15 02:00,27.0,40.9,26.3,21.1,58.7,0.7,0.6,
2023-08-15 03:00,27.3,39.5,26.5,15.4,50.1,0.6,0.5,
2023-08-15 04:00,28.0,41.2,25.2,16.1,49.9,0.6,0.5,
2023-08-15 05:00,29.5,43.9,24.6,17.1,50.9,0.6,0.5,
2023-08-15 06:00,27.6,40.2,18.5,27.7,61.0,0.6,0.6,
2023-08-15 07:00,27.3,38.0,20.9,24.5,58.5,0.6,0.7,
2023-08-15 08:00,25.7,36.9,27.1,16.0,51.6,0.5,0.5,
2023-08-15 09:00,22.3,33.0,22.3,13.0,42.2,0.5,0.4,
2023-08-15 10:00,17.4,28.1,31.6,12.9,51.4,0.5,0.3,
2023-08-15 11:00,14.2,23.9,39.9,13.5,60.5,0.5,0.3,
2023-08-15 12:00,17.2,27.8,36.9,9.7,51.7,0.5,0.2,
2023-08-15 13:00,19.1,29.7,43.6,12.9,63.4,0.6,0.3,
2023-08-15 14:00,15.4,25.1,29.7,9.4,44.1,0.5,0.3,
2023-08-15 15:00,12.4,21.8,37.4,9.7,52.1,0.5,0.2,
2023-08-15 16:00,13.7,22.3,41.8,12.9,61.6,0.5,0.2,
2023-08-15 17:00,14.3,23.6,33.9,11.8,52.0,0.5,0.2,
2023-08-15 18:00,13.1,21.8,47.9,17.6,74.8,0.6,0.3,
2023-08-15 19:00,15.0,26.9,53.2,21.2,85.7,0.7,0.8,
2023-08-15 20:00,17.3,32.7,58.8,29.4,104.4,0.8,0.9,
2023-08-15 21:00,19.6,37.3,66.4,59.9,158.3,1.1,1.2,
2023-08-15 22:00,20.5,43.4,51.0,28.0,94.0,0.8,0.9,
2023-08-15 23:00,20.2,39.3,44.3,30.5,91.0,0.7,0.7,
2023-08-16 00:00,19.3,33.1,35.5,26.6,76.2,0.7,0.6,
2023-08-16 01:00,19.0,30.4,25.6,9.2,39.7,0.6,0.6,
2023-08-16 02:00,20.0,31.3,34.9,14.3,56.7,0.5,0.4,
2023-08-16 03:00,20.1,32.2,25.6,9.8,40.6,0.5,0.4,
2023-08-16 04:00,20.2,30.6,22.1,21.1,54.4,0.5,0.3,
2023-08-16 05:00,20.9,34.2,21.1,26.1,61.1,0.5,0.3,
2023-08-16 06:00,22.5,36.9,30.2,61.7,124.7,0.7,0.4,
2023-08-16 07:00,24.3,40.5,36.2,75.8,152.4,0.8,0.8,
2023-08-16 08:00,23.3,38.3,38.2,40.6,100.5,0.7,0.6,
2023-08-16 09:00,23.4,40.1,42.2,28.5,85.8,0.6,0.4,
2023-08-16 10:00,23.8,43.6,48.8,23.3,84.6,0.7,0.4,
2023-08-16 11:00,24.1,43.1,44.7,19.4,74.4,0.6,0.5,
2023-08-16 12:00,25.0,47.4,61.4,19.8,91.8,0.7,0.4,
2023-08-16 13:00,25.0,44.9,70.7,19.2,100.2,0.7,0.4,
2023-08-16 14:00,24.2,44.2,93.1,36.2,148.7,0.7,0.5,
2023-08-16 15:00,22.3,40.4,113.5,49.1,188.8,0.8,0.5,
2023-08-16 16:00,24.1,44.6,93.0,46.7,164.5,0.7,0.7,
2023-08-16 17:00,23.4,44.3,75.0,43.1,141.0,0.7,0.7,
2023-08-16 18:00,21.9,42.3,79.7,40.7,142.1,0.8,0.6,
2023-08-16 19:00,23.4,41.6,67.8,41.0,130.6,0.8,0.6,
2023-08-16 20:00,24.0,40.2,45.4,20.9,77.4,0.7,0.7,
2023-08-16 21:00,23.7,40.6,42.0,20.3,73.1,0.7,0.4,
2023-08-16 22:00,25.1,43.5,50.0,23.7,86.3,0.8,0.7,
2023-08-16 23:00,25.1,41.3,45.5,22.6,80.2,0.7,0.5,
2023-08-17 00:00,24.3,38.6,38.4,18.4,66.5,0.6,0.6,
2023-08-17 01:00,24.5,39.0,27.7,9.0,41.5,0.5,0.4,
2023-08-17 02:00,23.6,34.8,24.4,8.6,37.6,0.5,0.5,
2023-08-17 03:00,23.9,34.9,22.6,8.0,34.9,0.5,0.4,
2023-08-17 04:00,25.0,38.7,23.6,11.0,40.5,0.5,0.5,
2023-08-17 05:00,25.2,37.3,32.1,32.2,81.5,0.6,0.5,
2023-08-17 06:00,27.4,43.5,39.7,56.4,126.2,0.8,0.7,
2023-08-17 07:00,27.9,49.5,37.5,53.9,120.2,0.7,0.9,
2023-08-17 08:00,29.0,63.2,42.6,49.6,118.6,0.7,0.8,
2023-08-17 09:00,24.6,40.9,40.4,31.1,88.1,0.6,0.6,
2023-08-17 10:00,22.6,37.7,47.9,26.5,88.5,0.6,0.5,
2023-08-17 11:00,20.9,37.5,59.5,28.7,103.4,0.6,0.5,
2023-08-17 12:00,17.7,38.0,92.3,53.7,174.7,0.6,0.9,
2023-08-17 13:00,15.8,30.9,74.7,39.4,135.2,0.7,0.5,
2023-08-17 14:00,13.9,43.8,39.2,14.9,62.0,0.5,0.5,
2023-08-17 15:00,9.6,21.6,45.6,18.1,73.4,0.5,0.3,
2023-08-17 16:00,9.1,21.4,45.7,25.5,84.8,0.5,0.3,
2023-08-17 17:00,10.8,22.9,56.0,33.3,107.1,0.6,0.4,
2023-08-17 18:00,9.8,20.7,50.9,29.0,95.4,0.5,0.4,
2023-08-17 19:00,10.6,21.0,44.5,27.6,86.8,0.6,0.5,
2023-08-17 20:00,13.0,26.2,65.3,41.7,129.2,0.8,0.6,
2023-08-17 21:00,14.1,29.1,55.3,28.9,99.6,0.6,0.5,
2023-08-17 22:00,14.6,25.2,43.3,17.2,69.7,0.6,0.5,
2023-08-17 23:00,13.3,23.7,43.7,19.2,73.1,0.6,0.4,
2023-08-18 00:00,13.3,22.0,39.1,18.8,68.0,0.5,0.4,
2023-08-18 01:00,13.5,24.0,30.3,10.1,45.8,0.5,0.3,
2023-08-18 02:00,14.4,25.1,    ,0.3,
2023-08-18 03:00,14.2,23.9,26.3,13.2,46.6,0.4,0.3,
2023-08-18 04:00,15.2,25.8,24.5,19.5,54.4,0.4,0.3,
2023-08-18 05:00,15.9,28.6,27.0,30.5,73.7,0.5,0.3,
2023-08-18 06:00,17.1,32.0,31.0,61.0,124.5,0.6,0.4,
2023-08-18 07:00,17.6,35.8,32.0,61.1,125.7,0.6,0.6,
2023-08-18 08:00,19.7,42.0,37.3,46.2,108.2,0.6,0.5,
2023-08-18 09:00,18.2,40.3,50.1,43.0,116.0,0.6,0.7,
2023-08-18 10:00,18.0,36.1,44.0,27.0,85.4,0.6,0.7,
2023-08-18 11:00,17.5,34.2,35.1,20.6,66.7,0.5,0.5,
2023-08-18 12:00,17.8,34.0,43.1,20.5,74.5,0.5,0.4,
2023-08-18 13:00,18.3,31.6,47.9,19.8,78.2,0.6,0.4,
2023-08-18 14:00,17.7,30.4,49.1,19.1,78.4,0.5,0.3,
2023-08-18 15:00,19.0,36.5,49.1,14.0,70.4,0.5,0.3,
2023-08-18 16:00,18.6,31.3,63.9,28.0,107.0,0.6,0.5,
2023-08-18 17:00,15.8,28.3,64.4,26.7,105.4,0.6,0.4,
2023-08-18 18:00,14.7,29.2,58.8,30.3,105.2,0.7,0.5,
2023-08-18 19:00,16.8,30.6,48.8,30.1,94.9,0.6,0.4,
2023-08-18 20:00,17.2,29.4,53.2,35.5,107.7,0.8,0.5,
2023-08-18 21:00,21.7,33.8,53.5,28.8,97.6,0.7,0.7,
2023-08-18 22:00,19.0,30.1,44.2,34.7,97.5,0.8,0.8,
2023-08-18 23:00,19.9,29.6,45.2,41.0,108.1,0.8,0.6,
2023-08-19 00:00,20.3,29.2,33.9,19.5,63.9,0.6,0.5,
2023-08-19 01:00,20.6,29.0,31.9,18.8,60.8,0.6,0.4,
2023-08-19 02:00,23.0,30.4,29.7,16.7,55.4,0.6,0.4,
2023-08-19 03:00,19.9,27.9,26.0,18.6,54.4,0.5,0.3,
2023-08-19 04:00,21.6,31.2,25.1,19.2,54.5,0.6,0.4,
2023-08-19 05:00,22.1,32.6,23.1,27.3,64.9,0.5,0.4,
2023-08-19 06:00,22.3,34.4,22.4,42.0,86.7,0.6,0.4,
2023-08-19 07:00,24.2,36.3,23.2,45.3,92.6,0.6,0.5,
2023-08-19 08:00,22.1,34.4,25.7,31.5,74.1,0.5,0.4,
2023-08-19 09:00,18.6,29.7,25.1,21.6,58.4,0.5,0.3,
2023-08-19 10:00,18.4,28.5,25.8,16.8,51.6,0.5,0.3,
2023-08-19 11:00,17.1,27.4,30.6,16.7,56.3,0.5,0.3,
2023-08-19 12:00,16.7,25.1,35.3,15.0,58.2,0.5,0.3,
2023-08-19 13:00,16.0,24.3,33.2,16.2,58.1,0.5,0.3,
2023-08-19 14:00,15.2,23.1,33.3,12.0,51.6,0.5,0.2,
2023-08-19 15:00,16.7,26.6,44.0,17.1,70.2,0.6,0.4,
2023-08-19 16:00,17.3,26.2,29.7,14.1,51.2,0.6,0.4,
2023-08-19 17:00,15.5,23.3,36.3,12.4,55.3,0.6,0.3,
2023-08-19 18:00,15.7,23.4,36.8,13.0,56.8,0.6,0.3,
2023-08-19 19:00,16.1,23.5,57.8,25.8,97.5,0.7,0.3,
2023-08-19 20:00,16.5,25.9,57.4,22.3,91.7,0.7,0.5,
2023-08-19 21:00,16.8,23.7,54.6,19.4,84.3,0.8,0.5,
2023-08-19 22:00,20.4,30.4,52.0,30.0,97.9,0.8,0.6,
2023-08-19 23:00,21.3,29.9,46.2,34.4,99.1,0.8,0.6,
2023-08-20 00:00,22.9,31.5,36.6,23.4,72.5,0.7,0.5,
2023-08-20 01:00,22.6,30.5,33.7,23.8,70.2,0.7,0.5,
2023-08-20 02:00,23.0,31.0,26.7,17.7,53.8,0.6,0.5,
2023-08-20 03:00,23.9,31.0,22.1,16.9,48.1,0.6,0.4,
2023-08-20 04:00,22.9,30.6,22.1,18.3,50.1,0.6,0.4,
2023-08-20 05:00,22.7,30.8,19.7,16.7,45.3,0.6,0.4,
2023-08-20 06:00,22.2,29.0,17.1,23.8,53.5,0.6,0.4,
2023-08-20 07:00,24.3,38.7,14.6,16.4,39.6,0.5,0.4,
2023-08-20 08:00,23.5,34.4,15.0,13.1,35.1,0.5,0.4,
2023-08-20 09:00,22.8,31.1,16.4,10.4,32.3,0.5,0.3,
2023-08-20 10:00,23.4,32.5,21.8,12.5,41.0,0.5,0.3,
2023-08-20 11:00,23.6,32.6,24.7,9.7,39.6,0.6,0.3,
2023-08-20 12:00,22.5,32.8,27.0,9.4,41.4,0.5,0.3,
2023-08-20 13:00,20.7,30.2,31.0,11.7,48.9,0.5,0.2,
2023-08-20 14:00,22.3,31.6,23.4,8.6,36.6,0.5,0.3,
2023-08-20 15:00,23.6,33.6,32.4,8.9,46.1,0.6,0.2,
2023-08-20 16:00,21.7,30.5,33.2,10.1,48.7,0.6,0.3,
2023-08-20 17:00,17.0,24.4,33.0,10.6,49.2,0.5,0.3,
2023-08-20 18:00,15.0,22.4,37.8,14.0,59.2,0.5,0.2,
2023-08-20 19:00,17.1,25.9,54.4,18.4,82.7,0.6,0.2,
2023-08-20 20:00,19.3,30.3,65.2,21.7,98.5,0.8,0.5,
2023-08-20 21:00,20.8,32.6,63.8,22.4,98.2,0.7,0.5,
2023-08-20 22:00,23.7,35.7,63.6,31.1,111.2,0.8,0.6,
2023-08-20 23:00,22.6,33.5,36.2,14.7,58.8,0.6,0.5,
2023-08-21 00:00,25.3,37.0,36.4,12.0,54.9,0.6,0.3,
2023-08-21 01:00,27.0,37.4,33.5,9.9,48.8,0.5,0.3,
2023-08-21 02:00,28.9,39.2,24.2,8.3,36.8,0.5,0.3,
2023-08-21 03:00,27.5,39.6,23.1,13.6,43.9,0.5,0.3,
2023-08-21 04:00,26.9,36.7,25.8,15.8,50.0,0.5,0.3,
2023-08-21 05:00,28.6,42.1,32.4,41.3,95.8,0.6,0.5,
2023-08-21 06:00,29.0,44.3,32.7,48.2,106.4,0.6,0.4,
2023-08-21 07:00,29.1,43.8,34.9,46.5,106.2,0.7,0.5,
2023-08-21 08:00,28.5,48.0,39.7,30.7,86.9,0.6,0.5,
2023-08-21 09:00,30.8,65.6,43.2,32.3,92.6,0.6,0.5,
2023-08-21 10:00,29.8,49.0,43.9,21.6,77.1,0.8,0.4,
2023-08-21 11:00,42.7,62.2,62.0,41.7,126.0,1.1,0.7,
2023-08-21 12:00,27.3,44.3,65.5,41.2,128.7,0.8,0.7,
2023-08-21 13:00,27.7,48.2,54.3,24.6,92.0,0.7,0.4,
2023-08-21 14:00,32.9,49.9,69.7,18.1,97.5,0.9,0.4,
2023-08-21 15:00,35.8,56.6,55.6,19.4,85.3,0.9,0.6,
2023-08-21 16:00,32.7,52.1,53.2,12.5,72.4,0.8,0.5,
2023-08-21 17:00,28.0,43.7,47.9,14.0,69.3,0.7,0.7,
2023-08-21 18:00,30.8,52.2,75.4,19.1,104.6,0.8,0.5,
2023-08-21 19:00,28.9,45.3,67.0,20.4,98.4,0.8,0.6,
2023-08-21 20:00,25.2,39.9,56.7,28.1,99.8,0.7,0.4,
2023-08-21 21:00,23.6,36.5,64.2,54.1,147.3,0.9,0.8,
2023-08-21 22:00,18.7,30.6,40.9,23.3,76.8,0.6,0.6,
2023-08-21 23:00,17.4,28.5,38.9,15.1,62.1,0.5,0.3,
2023-08-22 00:00,19.2,27.7,28.0,8.7,41.4,0.6,0.3,
2023-08-22 01:00,20.2,27.9,21.6,9.5,36.2,0.5,0.3,
2023-08-22 02:00,19.6,25.1,18.6,7.2,29.7,0.5,0.3,
2023-08-22 03:00,19.5,26.0,21.1,8.8,34.7,0.5,0.2,
2023-08-22 04:00,17.4,23.8,18.6,13.5,39.2,0.4,0.2,
2023-08-22 05:00,16.8,24.7,24.6,24.0,61.4,0.5,0.2,
2023-08-22 06:00,17.8,30.2,38.1,50.5,115.7,0.6,0.3,
2023-08-22 07:00,16.8,29.0,37.8,44.3,105.8,0.6,0.5,
2023-08-22 08:00,18.7,34.9,51.0,45.0,120.0,0.6,0.5,
2023-08-22 09:00,20.4,39.5,55.9,41.3,119.4,0.6,0.8,
2023-08-22 10:00,20.4,41.1,70.9,42.4,136.0,0.7,0.9,
2023-08-22 11:00,25.0,54.1,72.7,33.4,124.0,0.7,1.9,
2023-08-22 12:00,19.5,46.4,70.4,30.8,117.3,0.6,1.7,
2023-08-22 13:00,16.3,36.6,67.9,26.0,107.7,0.6,0.8,
2023-08-22 14:00,15.4,31.6,69.5,27.2,111.3,0.6,0.6,
2023-08-22 15:00,15.1,30.5,72.7,24.6,110.4,0.7,0.6,
2023-08-22 16:00,15.1,33.3,108.3,40.0,169.8,0.7,0.6,
2023-08-22 17:00,14.1,30.4,95.6,37.2,152.6,0.6,0.6,
2023-08-22 18:00,12.9,25.6,71.9,29.4,116.9,0.6,0.4,
2023-08-22 19:00,14.1,31.0,75.8,33.6,127.2,0.7,0.5,
2023-08-22 20:00,16.0,34.5,84.2,35.6,138.7,0.8,0.5,
2023-08-22 21:00,17.8,32.6,60.9,16.6,86.4,0.7,0.4,
2023-08-22 22:00,17.0,27.0,35.5,10.5,51.5,0.6,0.4,
2023-08-22 23:00,13.3,22.8,21.1,7.1,32.0,0.5,0.2,
2023-08-23 00:00,11.5,19.0,19.8,6.1,29.2,0.6,0.1,
2023-08-23 01:00,13.4,21.2,21.2,4.4,27.8,0.5,0.3,
2023-08-23 02:00,14.0,21.3,    ,0.2,
2023-08-23 03:00,16.5,24.4,13.1,4.6,20.1,0.4,0.2,
2023-08-23 04:00,17.8,26.6,14.6,6.1,24.0,0.4,0.2,
2023-08-23 05:00,21.0,32.0,30.4,22.9,65.5,0.5,0.3,
2023-08-23 06:00,24.8,38.4,37.2,37.3,94.5,0.6,0.6,
2023-08-23 07:00,28.5,42.6,35.2,37.5,92.7,0.6,0.6,
2023-08-23 08:00,35.4,48.9,33.7,33.3,84.8,0.6,0.6,
2023-08-23 09:00,36.2,52.0,35.7,34.8,89.1,0.6,0.6,
2023-08-23 10:00,34.2,48.2,31.8,22.5,66.2,0.6,0.6,
2023-08-23 11:00,36.3,49.3,39.3,25.2,78.1,0.6,0.7,
2023-08-23 12:00,37.9,51.2,35.1,18.8,63.9,0.6,0.6,
2023-08-23 13:00,38.7,54.1,42.2,24.2,79.3,0.6,0.4,
2023-08-23 14:00,35.4,49.1,42.4,17.4,69.1,0.6,0.4,
2023-08-23 15:00,36.0,49.1,49.5,19.0,78.7,0.6,0.4,
2023-08-23 16:00,32.7,45.4,50.3,16.3,75.3,0.6,0.5,
2023-08-23 17:00,14.1,21.8,59.0,34.4,111.7,0.7,0.4,
2023-08-23 18:00,14.3,24.6,79.1,39.4,139.4,0.7,0.6,
2023-08-23 19:00,15.6,26.9,83.6,34.7,136.7,0.7,0.5,
2023-08-23 20:00,19.6,32.1,72.0,16.3,97.0,0.7,0.4,
2023-08-23 21:00,22.8,36.9,58.0,13.0,78.0,0.6,0.5,
2023-08-23 22:00,24.8,38.5,54.7,16.0,79.1,0.6,0.5,
2023-08-23 23:00,24.9,38.0,41.7,11.1,58.7,0.6,0.5,
2023-08-24 00:00,22.2,33.4,42.9,17.0,69.0,0.6,0.4,
2023-08-24 01:00,19.0,28.6,31.0,11.7,48.9,0.5,0.4,
2023-08-24 02:00,17.3,25.9,28.7,12.1,47.2,0.5,0.3,
2023-08-24 03:00,14.9,23.0,23.9,9.1,37.8,0.4,0.3,
2023-08-24 04:00,14.3,23.5,32.9,18.2,60.7,0.4,0.3,
2023-08-24 05:00,15.6,25.3,36.7,37.7,94.5,0.5,0.3,
2023-08-24 06:00,18.6,29.2,38.6,58.6,128.4,0.6,0.4,
2023-08-24 07:00,19.3,33.8,37.8,60.2,130.2,0.6,0.5,
2023-08-24 08:00,25.6,35.4,33.6,48.3,107.6,0.6,0.6,
2023-08-24 09:00,30.5,43.6,33.3,36.2,88.8,0.6,0.5,
2023-08-24 10:00,26.9,38.9,37.9,21.9,71.8,0.6,0.5,
2023-08-24 11:00,20.6,32.5,35.5,14.9,58.3,0.5,0.5,
2023-08-24 12:00,16.5,28.3,43.5,16.3,68.6,0.5,0.4,
2023-08-24 13:00,14.5,25.0,40.1,11.3,57.4,0.5,0.3,
2023-08-24 14:00,11.6,23.5,42.3,11.4,59.7,0.5,0.3,
2023-08-24 15:00,11.6,22.4,53.0,15.3,76.3,0.5,0.3,
2023-08-24 16:00,12.7,25.1,63.6,16.2,88.5,0.5,0.3,
2023-08-24 17:00,14.4,28.4,92.2,21.6,125.3,0.6,0.5,
2023-08-24 18:00,14.7,27.5,91.2,24.8,129.4,0.7,0.9,
2023-08-24 19:00,16.0,29.8,85.4,10.4,101.3,0.7,0.6,
2023-08-24 20:00,17.6,33.8,89.9,21.3,122.6,0.9,0.6,
2023-08-24 21:00,22.0,39.2,91.3,25.8,130.9,0.9,1.2,
2023-08-24 22:00,19.8,34.2,86.4,27.8,129.0,0.9,0.8,
2023-08-24 23:00,20.2,34.9,53.4,9.6,68.0,0.6,0.6,
2023-08-25 00:00,22.0,37.3,46.4,7.6,58.1,0.6,0.5,
2023-08-25 01:00,22.8,39.7,39.2,8.9,52.7,0.6,0.5,
2023-08-25 02:00,23.1,39.7,35.6,16.4,60.7,0.6,0.5,
2023-08-25 03:00,23.2,36.0,32.2,9.4,46.7,0.5,0.5,
2023-08-25 04:00,23.8,35.9,33.7,25.1,72.2,0.6,0.5,
2023-08-25 05:00,23.9,36.3,34.0,27.9,76.7,0.6,0.7,
2023-08-25 06:00,24.6,40.2,44.5,60.2,136.9,0.7,0.8,
2023-08-25 07:00,27.8,48.4,54.2,93.1,197.8,0.8,1.1,
2023-08-25 08:00,32.2,72.8,63.9,61.2,157.9,0.9,1.9,
2023-08-25 09:00,30.6,82.0,67.9,66.7,170.1,0.8,2.8,
2023-08-25 10:00,25.9,65.1,62.6,41.9,126.8,0.7,2.1,
2023-08-25 11:00,22.7,50.1,51.9,28.2,95.1,0.6,1.2,
2023-08-25 12:00,20.9,39.7,43.9,20.3,75.0,0.6,0.6,
2023-08-25 13:00,21.0,36.3,64.6,44.9,133.3,0.7,0.4,
2023-08-25 14:00,22.3,39.1,52.3,24.5,90.1,0.6,0.5,
2023-08-25 15:00,22.6,41.4,43.1,16.7,68.7,0.5,0.3,
2023-08-25 16:00,22.9,39.9,50.6,19.8,80.9,0.6,0.3,
2023-08-25 17:00,22.9,39.7,53.9,15.8,78.2,0.6,0.3,
2023-08-25 18:00,16.4,30.8,61.3,20.4,92.6,0.7,0.5,
2023-08-25 19:00,16.3,34.3,95.0,32.3,144.6,0.8,0.7,
2023-08-25 20:00,21.8,40.6,87.6,42.6,153.0,1.0,0.8,
2023-08-25 21:00,22.8,38.0,76.8,38.0,135.0,0.9,0.9,
2023-08-25 22:00,21.7,36.4,68.2,30.9,115.6,0.9,0.8,
2023-08-25 23:00,19.1,31.8,55.7,17.4,82.3,0.7,0.5,
2023-08-26 00:00,20.3,31.4,46.2,19.2,75.7,0.7,0.5,
2023-08-26 01:00,22.3,32.5,42.6,17.0,68.7,0.7,0.4,
2023-08-26 02:00,22.1,34.5,35.8,14.2,57.6,0.6,0.5,
2023-08-26 03:00,21.9,34.4,31.9,15.9,56.4,0.5,0.4,
2023-08-26 04:00,26.9,39.7,25.7,20.0,56.4,0.6,0.4,
2023-08-26 05:00,23.7,36.1,29.9,19.4,59.7,0.5,0.4,
2023-08-26 06:00,22.0,35.4,29.6,32.7,79.6,0.5,0.4,
2023-08-26 07:00,21.2,32.6,25.8,23.8,62.3,0.5,0.4,
2023-08-26 08:00,18.0,31.0,31.8,19.7,61.9,0.5,0.3,
2023-08-26 09:00,18.1,32.4,35.2,20.8,67.1,0.6,0.3,
2023-08-26 10:00,15.5,28.0,39.4,18.8,68.2,0.6,0.3,
2023-08-26 11:00,12.9,21.3,26.1,8.4,39.0,0.5,0.3,
2023-08-26 12:00,16.6,30.7,50.1,17.3,76.6,0.6,0.3,
2023-08-26 13:00,19.1,37.0,66.8,29.1,111.3,0.7,0.4,
2023-08-26 14:00,12.8,23.8,37.7,17.9,65.2,0.5,0.4,
2023-08-26 15:00,8.8,15.5,43.7,23.1,79.3,0.6,0.2,
2023-08-26 16:00,6.6,11.2,32.0,18.3,60.1,0.5,0.3,
2023-08-26 17:00,7.9,14.2,46.4,25.0,84.6,0.6,0.3,
2023-08-26 18:00,7.1,11.4,50.4,20.9,82.5,0.6,0.3,
2023-08-26 19:00,7.5,14.1,49.9,22.8,84.8,0.7,0.5,
2023-08-26 20:00,9.2,19.6,43.3,37.0,100.1,0.7,0.6,
2023-08-26 21:00,11.4,25.0,48.8,40.6,111.2,0.7,0.5,
2023-08-26 22:00,12.9,24.8,48.9,47.1,121.1,0.8,0.5,
2023-08-26 23:00,14.5,23.3,36.8,29.0,81.3,0.6,0.5,
2023-08-27 00:00,16.8,25.2,34.9,21.0,67.1,0.6,0.8,
2023-08-27 01:00,13.4,21.0,22.5,14.5,44.6,0.5,0.8,
2023-08-27 02:00,4.0,7.4,32.0,7.6,43.6,0.5,0.2,
2023-08-27 03:00,4.2,7.6,20.1,5.6,28.7,0.4,0.2,
2023-08-27 04:00,5.0,8.1,33.2,9.6,48.0,0.5,0.2,
2023-08-27 05:00,5.5,9.7,25.5,10.3,41.3,0.5,0.1,
2023-08-27 06:00,6.3,11.7,31.1,17.2,57.5,0.5,0.2,
2023-08-27 07:00,6.9,11.5,31.4,18.6,59.9,0.5,0.2,
2023-08-27 08:00,7.1,11.2,23.1,15.7,47.2,0.5,0.2,
2023-08-27 09:00,10.2,16.9,23.1,13.6,44.1,0.5,0.3,
2023-08-27 10:00,8.2,15.0,22.2,15.0,45.2,0.5,0.4,
2023-08-27 11:00,9.2,16.0,23.3,12.8,42.9,0.5,0.2,
2023-08-27 12:00,10.1,16.2,24.3,13.0,44.3,0.5,0.2,
2023-08-27 13:00,11.7,17.0,24.0,10.3,39.8,0.5,0.2,
2023-08-27 14:00,13.2,19.1,25.8,11.5,43.4,0.5,0.2,
2023-08-27 15:00,14.6,20.8,36.9,20.2,68.0,0.6,0.3,
2023-08-27 16:00,15.8,22.7,35.3,17.8,62.6,0.6,0.3,
2023-08-27 17:00,17.0,24.3,33.9,22.9,69.1,0.6,0.3,
2023-08-27 18:00,21.4,28.8,27.3,17.7,54.5,0.6,0.4,
2023-08-27 19:00,25.2,35.3,57.6,31.5,106.0,0.8,0.5,
2023-08-27 20:00,26.0,38.5,58.4,44.0,125.9,1.0,0.9,
2023-08-27 21:00,26.9,38.5,44.2,28.6,88.0,0.8,0.8,
2023-08-27 22:00,27.1,37.4,37.5,26.6,78.2,0.8,0.8,
2023-08-27 23:00,27.6,37.9,32.0,23.2,67.6,0.7,0.6,
2023-08-28 00:00,28.1,38.2,24.0,14.9,46.8,0.6,0.5,
2023-08-28 01:00,27.8,36.4,19.6,11.0,36.6,0.6,0.5,
2023-08-28 02:00,28.2,38.2,    ,0.4,
2023-08-28 03:00,32.7,41.9,11.6,7.9,23.8,0.5,0.3,
2023-08-28 04:00,7.1,12.6,11.1,8.2,23.7,0.3,0.1,
2023-08-28 05:00,1.4,7.3,18.4,12.6,37.8,0.4,0.1,
2023-08-28 06:00,5.1,13.2,35.5,28.5,79.2,0.6,0.2,
2023-08-28 07:00,5.9,12.2,39.1,31.2,86.9,0.6,0.4,
2023-08-28 08:00,6.3,16.1,31.7,25.1,70.3,0.5,0.3,
2023-08-28 09:00,5.3,14.7,45.7,33.8,97.5,0.5,0.3,
2023-08-28 10:00,5.3,15.9,44.9,36.6,100.9,0.5,0.3,
2023-08-28 11:00,6.6,13.9,47.1,40.9,110.0,0.5,0.3,
2023-08-28 12:00,10.5,16.6,46.1,37.3,103.2,0.6,0.5,
2023-08-28 13:00,10.7,17.6,45.3,40.7,107.8,0.6,0.4,
2023-08-28 14:00,9.3,18.0,39.4,36.3,95.2,0.6,0.4,
2023-08-28 15:00,8.9,18.4,40.1,36.6,96.1,0.6,0.5,
2023-08-28 16:00,9.7,15.6,38.6,43.4,105.1,0.8,0.7,
2023-08-28 17:00,10.2,17.3,41.5,44.0,109.0,0.7,0.5,
2023-08-28 18:00,13.7,23.7,43.9,46.2,114.9,0.8,0.6,
2023-08-28 19:00,14.3,25.1,39.6,39.7,100.5,0.7,0.5,
2023-08-28 20:00,12.6,21.7,37.2,40.6,99.5,0.7,0.3,
2023-08-28 21:00,12.6,21.7,30.2,33.2,81.1,0.6,0.5,
2023-08-28 22:00,13.1,23.4,27.9,27.7,70.3,0.5,0.3,
2023-08-28 23:00,14.8,22.7,17.5,10.3,33.3,0.5,0.2,
2023-08-29 00:00,16.4,22.6,15.3,8.7,28.7,0.4,0.2,
2023-08-29 01:00,14.5,21.2,12.5,5.1,20.4,0.4,0.1,
2023-08-29 02:00,18.8,28.3,13.8,5.1,21.5,0.4,0.3,
2023-08-29 03:00,20.1,28.1,14.1,6.4,23.9,0.4,0.2,
2023-08-29 04:00,18.0,23.9,11.0,6.7,21.3,0.4,0.1,
2023-08-29 05:00,14.3,22.2,19.8,20.3,50.9,0.5,0.3,
2023-08-29 06:00,12.7,21.7,24.9,32.1,74.2,0.5,0.3,
2023-08-29 07:00,11.0,21.7,27.8,40.4,89.7,0.6,0.4,
2023-08-29 08:00,11.0,18.9,27.1,36.4,83.0,0.5,0.5,
2023-08-29 09:00,9.3,17.9,25.4,36.1,80.7,0.5,0.4,
2023-08-29 10:00,9.4,19.8,41.9,51.4,120.8,0.7,0.4,
2023-08-29 11:00,8.8,19.2,47.2,39.0,107.0,0.6,0.5,
2023-08-29 12:00,10.0,23.9,69.4,60.2,161.8,0.7,0.6,
2023-08-29 13:00,9.9,21.3,68.1,49.6,144.1,0.7,0.9,
2023-08-29 14:00,11.0,22.8,77.0,60.5,169.8,0.8,0.7,
2023-08-29 15:00,12.1,24.5,55.3,27.0,96.7,0.7,0.6,
2023-08-29 16:00,12.3,22.9,55.0,40.6,117.2,0.7,0.6,
2023-08-29 17:00,17.1,33.8,39.6,67.2,142.6,0.9,0.7,
2023-08-29 18:00,16.1,28.6,34.7,43.0,100.5,0.8,0.7,
2023-08-29 19:00,18.2,31.9,36.5,49.6,112.5,0.8,0.6,
2023-08-29 20:00,23.0,31.9,34.1,46.2,104.9,0.7,0.7,
2023-08-29 21:00,26.2,36.4,34.3,46.1,104.9,0.8,0.6,
2023-08-29 22:00,22.2,29.3,38.0,32.0,87.0,0.7,0.7,
2023-08-29 23:00,18.4,25.4,32.4,17.7,59.6,0.6,0.4,
2023-08-30 00:00,23.1,31.0,22.3,10.2,38.0,0.6,0.5,
2023-08-30 01:00,16.2,22.9,16.1,7.0,26.8,0.5,0.4,
2023-08-30 02:00,9.6,14.3,9.2,3.6,14.7,0.4,0.2,
2023-08-30 03:00,9.9,14.3,10.0,4.9,17.5,0.4,0.1,
2023-08-30 04:00,8.0,11.9,19.4,8.6,32.6,0.4,0.2,
2023-08-30 05:00,8.6,13.6,27.4,16.9,53.3,0.4,0.2,
2023-08-30 06:00,9.6,14.7,36.6,48.8,111.4,0.6,0.3,
2023-08-30 07:00,13.2,23.3,31.4,54.3,114.6,0.7,0.5,
2023-08-30 08:00,15.3,33.2,29.6,43.9,96.9,0.7,0.7,
2023-08-30 09:00,17.1,32.0,29.8,44.1,97.5,0.6,0.5,
2023-08-30 10:00,12.8,20.2,25.1,36.4,80.7,0.6,0.7,
2023-08-30 11:00,9.6,16.2,25.1,36.7,81.4,0.6,0.4,
2023-08-30 12:00,10.8,16.8,32.2,39.6,92.9,0.6,0.5,
2023-08-30 13:00,11.6,17.5,    ,0.5,
2023-08-30 14:00,13.5,21.1,    ,0.5,
2023-08-30 15:00,13.5,17.8,27.0,31.7,75.6,0.5,0.4,
2023-08-30 16:00,18.2,28.5,23.4,26.4,63.9,0.5,0.4,
2023-08-30 17:00,16.0,23.5,28.5,27.1,70.2,0.5,0.5,
2023-08-30 18:00,12.6,19.3,27.6,32.4,77.4,0.5,0.4,
2023-08-30 19:00,12.4,20.7,27.5,32.3,77.0,0.5,0.5,
2023-08-30 20:00,11.8,18.8,30.3,28.6,74.2,0.5,0.4,
2023-08-30 21:00,8.3,14.0,24.2,18.3,52.3,0.4,0.4,
2023-08-30 22:00,13.2,18.6,24.7,17.9,52.2,0.4,0.4,
2023-08-30 23:00,17.0,23.9,20.7,11.1,37.8,0.4,0.3,
2023-08-31 00:00,18.7,24.6,21.2,13.4,41.7,0.4,0.3,
2023-08-31 01:00,13.7,19.2,14.3,9.3,28.6,0.3,0.2,
2023-08-31 02:00,16.9,23.6,13.4,6.7,23.6,0.3,0.2,
2023-08-31 03:00,17.5,23.8,15.3,7.1,26.2,0.3,0.2,
2023-08-31 04:00,19.2,29.7,16.4,11.8,34.5,0.3,0.2,
2023-08-31 05:00,21.3,32.2,25.1,26.4,65.5,0.4,0.3,
2023-08-31 06:00,20.8,32.3,31.9,43.0,97.9,0.5,0.3,
2023-08-31 07:00,20.2,30.1,29.9,38.7,89.1,0.5,0.5,
2023-08-31 08:00,13.4,19.9,28.4,31.3,76.0,0.4,0.4,
2023-08-31 09:00,9.0,17.1,32.7,34.6,85.7,0.5,0.4,
2023-08-31 10:00,7.3,14.3,30.3,26.5,71.0,0.4,0.3,
2023-08-31 11:00,6.8,16.2,27.4,21.2,59.9,0.4,0.4,
2023-08-31 12:00,5.8,12.3,29.2,22.9,64.1,0.4,0.2,
2023-08-31 13:00,6.4,13.3,31.8,20.4,63.0,0.4,0.2,
2023-08-31 14:00,6.9,13.7,32.3,17.1,58.5,0.4,0.2,
2023-08-31 15:00,8.4,17.5,44.1,25.2,82.7,0.4,0.2,
2023-08-31 16:00,7.5,17.3,29.4,15.5,53.2,0.4,0.2,
2023-08-31 17:00,8.2,17.0,37.1,19.9,67.5,0.4,0.3,
2023-08-31 18:00,7.9,16.2,42.2,23.2,77.7,0.5,0.4,
2023-08-31 19:00,8.4,19.3,57.5,43.8,124.7,0.6,0.5,
2023-08-31 20:00,10.3,22.0,52.8,50.9,130.9,0.8,0.8,
2023-08-31 21:00,10.1,17.8,40.4,31.0,88.0,0.6,0.7,
2023-08-31 22:00,9.4,16.5,37.7,25.6,77.0,0.5,0.6,
2023-08-31 23:00,10.0,17.5,38.3,27.2,80.0,0.5,0.5,
01.09.2023 00:00
